id,name,model_id:id,group_id:id,operation,active
access_dental_patient_recep,dental.patient.receptionist,model_dental_patient,group_dental_receptionist,cru,False
access_dental_patient_user,dental.patient.user,model_dental_patient,group_dental_user,ru,False
access_dental_patient_mgr,dental.patient.manager,model_dental_patient,group_dental_manager,crud,False
access_dental_medical_history_user,dental.medical.history.user,model_dental_medical_history,group_dental_user,cru,False
access_dental_medical_history_mgr,dental.medical.history.manager,model_dental_medical_history,group_dental_manager,crud,False
access_dental_practitioner_recep,dental.practitioner.receptionist,model_dental_practitioner,group_dental_receptionist,r,False
access_dental_practitioner_user,dental.practitioner.user,model_dental_practitioner,group_dental_user,r,False
access_dental_practitioner_mgr,dental.practitioner.manager,model_dental_practitioner,group_dental_manager,crud,False
access_dental_room_recep,dental.room.receptionist,model_dental_room,group_dental_receptionist,r,False
access_dental_room_user,dental.room.user,model_dental_room,group_dental_user,r,False
access_dental_room_mgr,dental.room.manager,model_dental_room,group_dental_manager,crud,False
access_dental_tooth_user,dental.tooth.user,model_dental_tooth,group_dental_user,ru,False
access_dental_tooth_recep,dental.tooth.recep,model_dental_tooth,group_dental_receptionist,r,False
access_dental_tooth_mgr,dental.tooth.manager,model_dental_tooth,group_dental_manager,crud,False
access_dental_treatment_recep,dental.treatment.recep,model_dental_treatment,group_dental_receptionist,r,False
access_dental_treatment_user,dental.treatment.user,model_dental_treatment,group_dental_user,r,False
access_dental_treatment_mgr,dental.treatment.manager,model_dental_treatment,group_dental_manager,crud,False
access_dental_treatment_plan_recep,dental.treatment.plan.recep,model_dental_treatment_plan,group_dental_receptionist,r,False
access_dental_treatment_plan_user,dental.treatment.plan.user,model_dental_treatment_plan,group_dental_user,cru,False
access_dental_treatment_plan_mgr,dental.treatment.plan.manager,model_dental_treatment_plan,group_dental_manager,crud,False
access_dental_treatment_plan_line_user,dental.treatment.plan.line.user,model_dental_treatment_plan_line,group_dental_user,cru,False
access_dental_treatment_plan_line_recep,dental.treatment.plan.line.recep,model_dental_treatment_plan_line,group_dental_receptionist,r,False
access_dental_treatment_plan_line_mgr,dental.treatment.plan.line.manager,model_dental_treatment_plan_line,group_dental_manager,crud,False
access_dental_appointment_recep,dental.appointment.recep,model_dental_appointment,group_dental_receptionist,cru,False
access_dental_appointment_user,dental.appointment.user,model_dental_appointment,group_dental_user,r,False
access_dental_appointment_mgr,dental.appointment.manager,model_dental_appointment,group_dental_manager,crud,False
access_dental_prescription_user,dental.prescription.user,model_dental_prescription,group_dental_user,cru,False
access_dental_prescription_mgr,dental.prescription.manager,model_dental_prescription,group_dental_manager,crud,False
access_dental_prescription_recep,dental.prescription.recep,model_dental_prescription,group_dental_receptionist,r,False
access_dental_prescription_line_user,dental.prescription.line.user,model_dental_prescription_line,group_dental_user,cru,False
access_dental_prescription_line_recep,dental.prescription.line.recep,model_dental_prescription_line,group_dental_receptionist,r,False
access_dental_prescription_line_mgr,dental.prescription.line.manager,model_dental_prescription_line,group_dental_manager,crud,False
access_dental_invoice_wizard_user,dental.invoice.wizard.user,model_dental_invoice_wizard,group_dental_user,crud,False
access_dental_invoice_wizard_mgr,dental.invoice.wizard.manager,model_dental_invoice_wizard,group_dental_manager,crud,False
access_dental_patient_nurse,dental.patient.nurse,model_dental_patient,group_dental_nurse,r,False
access_dental_medical_history_nurse,dental.medical.history.nurse,model_dental_medical_history,group_dental_nurse,r,False
access_dental_practitioner_nurse,dental.practitioner.nurse,model_dental_practitioner,group_dental_nurse,r,False
access_dental_room_nurse,dental.room.nurse,model_dental_room,group_dental_nurse,r,False
access_dental_tooth_nurse,dental.tooth.nurse,model_dental_tooth,group_dental_nurse,r,False
access_dental_treatment_nurse,dental.treatment.nurse,model_dental_treatment,group_dental_nurse,r,False
access_dental_treatment_plan_nurse,dental.treatment.plan.nurse,model_dental_treatment_plan,group_dental_nurse,r,False
access_dental_treatment_plan_line_nurse,dental.treatment.plan.line.nurse,model_dental_treatment_plan_line,group_dental_nurse,r,False
access_dental_appointment_nurse,dental.appointment.nurse,model_dental_appointment,group_dental_nurse,r,False
access_dental_prescription_nurse,dental.prescription.nurse,model_dental_prescription,group_dental_nurse,r,False
access_dental_prescription_line_nurse,dental.prescription.line.nurse,model_dental_prescription_line,group_dental_nurse,r,False
access_dental_tooth_receptionist,dental.tooth.receptionist,model_dental_tooth,group_dental_receptionist,r,False
access_dental_medical_history_receptionist,dental.medical.history.receptionist,model_dental_medical_history,group_dental_receptionist,r,False
access_dental_patient_patient_read,dental.patient.patient.read,model_dental_patient,group_dental_patient_read,r,True
access_dental_medical_history_patient_read,dental.medical_history.patient.read,model_dental_medical_history,group_dental_patient_read,r,True
access_dental_tooth_patient_read,dental.tooth.patient.read,model_dental_tooth,group_dental_patient_read,r,True
access_dental_patient_clinical_read,dental.patient.clinical.read,model_dental_patient,group_dental_clinical_read,r,True
access_dental_medical_history_clinical_read,dental.medical_history.clinical.read,model_dental_medical_history,group_dental_clinical_read,r,True
access_dental_tooth_clinical_read,dental.tooth.clinical.read,model_dental_tooth,group_dental_clinical_read,r,True
access_dental_patient_patient_write,dental.patient.patient.write,model_dental_patient,group_dental_patient_write,cu,True
access_dental_patient_clinical_write,dental.patient.clinical.write,model_dental_patient,group_dental_clinical_write,u,True
access_dental_medical_history_clinical_write,dental.medical_history.clinical.write,model_dental_medical_history,group_dental_clinical_write,cu,True
access_dental_tooth_clinical_write,dental.tooth.clinical.write,model_dental_tooth,group_dental_clinical_write,u,True
access_dental_treatment_plan_clinical_read,dental.treatment_plan.clinical.read,model_dental_treatment_plan,group_dental_clinical_read,r,True
access_dental_treatment_plan_clinical_write,dental.treatment_plan.clinical.write,model_dental_treatment_plan,group_dental_clinical_write,cu,True
access_dental_treatment_plan_line_clinical_read,dental.treatment_plan_line.clinical.read,model_dental_treatment_plan_line,group_dental_clinical_read,r,True
access_dental_treatment_plan_line_clinical_write,dental.treatment_plan_line.clinical.write,model_dental_treatment_plan_line,group_dental_clinical_write,cu,True
access_dental_prescription_clinical_read,dental.prescription.clinical.read,model_dental_prescription,group_dental_clinical_read,r,True
access_dental_prescription_clinical_write,dental.prescription.clinical.write,model_dental_prescription,group_dental_clinical_write,cu,True
access_dental_prescription_line_clinical_read,dental.prescription_line.clinical.read,model_dental_prescription_line,group_dental_clinical_read,r,True
access_dental_prescription_line_clinical_write,dental.prescription_line.clinical.write,model_dental_prescription_line,group_dental_clinical_write,cu,True
access_dental_appointment_appointment_read,dental.appointment.appointment.read,model_dental_appointment,group_dental_appointment_read,r,True
access_dental_appointment_appointment_write,dental.appointment.appointment.write,model_dental_appointment,group_dental_appointment_write,cu,True
access_dental_practitioner_patient_read,dental.practitioner.patient.read,model_dental_practitioner,group_dental_patient_read,r,True
access_dental_room_patient_read,dental.room.patient.read,model_dental_room,group_dental_patient_read,r,True
access_dental_treatment_patient_read,dental.treatment.patient.read,model_dental_treatment,group_dental_patient_read,r,True
access_dental_practitioner_appointment_read,dental.practitioner.appointment.read,model_dental_practitioner,group_dental_appointment_read,r,True
access_dental_room_appointment_read,dental.room.appointment.read,model_dental_room,group_dental_appointment_read,r,True
access_dental_treatment_appointment_read,dental.treatment.appointment.read,model_dental_treatment,group_dental_appointment_read,r,True
access_dental_practitioner_clinical_read,dental.practitioner.clinical.read,model_dental_practitioner,group_dental_clinical_read,r,True
access_dental_room_clinical_read,dental.room.clinical.read,model_dental_room,group_dental_clinical_read,r,True
access_dental_treatment_clinical_read,dental.treatment.clinical.read,model_dental_treatment,group_dental_clinical_read,r,True
access_dental_practitioner_configuration_read,dental.practitioner.configuration.read,model_dental_practitioner,group_dental_configuration_read,r,True
access_dental_room_configuration_read,dental.room.configuration.read,model_dental_room,group_dental_configuration_read,r,True
access_dental_treatment_configuration_read,dental.treatment.configuration.read,model_dental_treatment,group_dental_configuration_read,r,True
access_dental_practitioner_configuration_write,dental.practitioner.configuration.write,model_dental_practitioner,group_dental_configuration_write,cud,True
access_dental_room_configuration_write,dental.room.configuration.write,model_dental_room,group_dental_configuration_write,cud,True
access_dental_treatment_configuration_write,dental.treatment.configuration.write,model_dental_treatment,group_dental_configuration_write,cud,True
access_dental_permission_profile_configuration_read,dental.permission_profile.configuration.read,model_dental_permission_profile,group_dental_configuration_read,r,True
access_dental_permission_profile_configuration_write,dental.permission_profile.configuration.write,model_dental_permission_profile,group_dental_configuration_write,cu,True
access_dental_permission_profile_employee_read,dental.permission_profile.employee.read,model_dental_permission_profile,group_dental_employee_read,r,True
access_dental_permission_apply_configuration_write,dental.permission_apply.configuration.write,model_dental_permission_apply,group_dental_configuration_write,crud,True
